{"cameraMode":{"drawMode":0,"name":"Shaded","section":"Shading Mode"},"sceneLighting":true,"audioPlay":false,"sceneViewState":{"showFog":true,"showMaterialUpdate":false,"showSkybox":false,"showFlares":true,"showImageEffects":true,"showParticleSystems":true},"in2DMode":false,"pivot":{"x":11.773460388183594,"y":7.7107062339782719,"z":17.73345947265625},"rotation":{"x":-0.0010666253510862589,"y":-0.9988737106323242,"z":0.03988620266318321,"w":-0.02637086622416973},"size":365.4002990722656,"orthographic":false}