{"cameraMode":{"drawMode":0,"name":"Shaded","section":"Shading Mode"},"sceneLighting":false,"audioPlay":false,"sceneViewState":{"showFog":true,"showMaterialUpdate":false,"showSkybox":false,"showFlares":true,"showImageEffects":true,"showParticleSystems":true},"in2DMode":false,"pivot":{"x":-4.127626895904541,"y":-1.6912192106246949,"z":45.01759338378906},"rotation":{"x":-0.00893118791282177,"y":0.990275502204895,"z":-0.11640561372041702,"w":-0.076205313205719},"size":0.15468576550483704,"orthographic":false}